MSMB,FBP2,LINC00992,NLRP4,PRSS8,CPA6,CAMP,SDR16C5,CCDC85A,KCNQ1OT1,VWCE,ABCA9,CFAP91,SPTBN2,KCNJ2,WNT9A,CASP5,TMEM132B,ACOD1,MYOCD,CLASS
1.327583853,1.651880606,1.681027264,2.851590961,1.205859319,1.06373251,2.552415674,1.682789599,2.306183463,2.354825282,5.536425538,1.702602114,2.34795756,2.110275623,2.086797813,1.950056586,2.297134294,2.50825661,1.299188447,2.08073926,0
0.991928298,1.54874647,1.246079708,4.468964613,1.225489192,1.190516029,2.738828286,1.764216068,2.099529033,1.886603082,2.496746863,2.362708477,2.367313314,1.941576599,4.25201566,2.123776618,2.314893087,1.845842461,1.119927751,1.614589203,0
1.087235514,1.666017152,1.531863257,1.635227867,1.266041657,1.142934621,7.124218557,1.850098118,2.278045232,2.332287946,2.247683944,1.728153191,2.357199946,2.125180443,3.423186945,2.139469703,2.391257913,3.417744688,1.355340653,1.745866216,0
1.091947644,1.74053271,1.413721284,1.312726721,1.224360964,1.352456837,7.47196627,4.973749446,2.019665041,2.184246838,2.285019264,2.194389733,1.892041582,1.780456935,4.185934901,2.037263839,1.889583632,2.070655185,1.676287786,1.684401409,0
1.383373676,1.712814116,4.455710437,3.268400151,1.190735935,1.337937772,3.556339261,1.614960856,2.249141324,2.202049015,3.886322371,2.823551994,2.224167006,1.902255698,2.62040237,2.152471309,2.194484062,5.377446837,1.08899713,6.896948301,0
1.015224962,2.490794294,0.981953608,1.126719244,1.143485781,1.326866987,5.619197514,1.300809639,2.234618035,2.350674607,2.377081729,1.483558232,2.103381621,2.229178408,7.114176188,1.89147492,3.257611825,1.927419239,1.590002652,5.696932305,0
1.252769131,1.95916391,1.229787008,3.607311372,1.345451394,1.005443005,2.619709325,6.350333104,2.012364388,1.929286289,2.302199528,2.105883777,2.410744069,1.919635682,4.019579224,2.348932906,1.877128411,7.346537613,1.066714525,1.469484257,0
1.37686332,1.832953091,1.291709531,8.573997443,1.406003013,1.259973995,7.13285836,2.099605134,2.673699542,2.51662272,2.84385868,2.437874985,2.390651807,2.18625958,4.18798489,1.601155189,2.43674137,3.039187533,1.557320267,1.429035894,0
1.026861886,3.506969263,2.873729459,3.405270335,1.32115859,1.692170757,5.045024845,5.87519167,2.152860977,2.264365272,2.620584205,2.828941159,2.338185589,2.095996279,2.934690242,2.736369705,1.802848732,1.559500437,1.334018387,1.61138537,0
1.468961656,1.982795948,1.36016173,1.871284665,1.256610154,1.397722373,4.297438195,1.430982656,2.322882096,2.446201945,2.369117476,1.914739762,2.085053855,1.976623497,4.388231374,2.378510317,2.417624571,2.519992181,1.500232111,1.192765939,0
1.344809988,5.76273098,1.62455647,2.407560913,1.290958312,1.44498007,3.360772752,2.759109584,2.196095623,2.095210199,2.90158668,2.537254854,2.362541327,2.118163966,3.760731271,2.232419113,2.293600413,8.600971592,1.363168284,1.628154394,0
1.271041655,2.000015075,1.456144416,1.083338045,1.260016777,1.345038257,4.114561294,1.35546374,2.178074287,2.280164771,2.47762094,2.165376503,2.526385994,2.372209066,1.777895249,2.469260699,1.875008265,2.968721029,1.11666342,2.067985559,0
1.004229056,1.593577306,1.443161578,1.139570588,1.169505328,1.424401961,3.252496547,1.826000449,2.071037766,2.292464631,3.039515336,1.763859253,2.289081462,2.148285828,4.880105062,2.741143473,3.151094447,1.927871793,1.57309928,2.060847358,0
1.267208397,1.794324564,1.352789653,1.508251713,1.382828517,1.441410248,3.428998404,1.499281177,2.12427387,2.465073378,3.548473618,2.633271647,2.353056509,1.980134228,5.31685928,2.406450809,2.904571627,1.826012524,1.507177368,3.701249712,0
1.301721968,3.117084484,1.440000136,3.94918541,1.401282323,1.506245126,6.89134227,2.199113775,2.495528518,2.424825227,2.674573684,1.977086001,2.685604829,2.283596893,7.025660142,2.42196161,4.35607674,2.696327079,2.959432138,1.399630857,0
1.177109222,1.874334468,1.136129289,2.867195874,1.417124031,1.317816434,4.817120928,1.737013816,2.333333974,2.060057996,2.317947562,1.858818666,2.36574759,1.818985381,6.319171726,2.494013159,2.787897783,1.847904191,1.546656642,1.845487448,0
1.445103094,4.923012822,1.144297479,1.365095786,1.253143606,1.318774276,2.609308761,5.744309191,2.104485917,2.044590667,3.005983504,2.85717588,2.499684551,2.077740468,5.360765425,1.984167329,2.73943408,1.920875469,1.458823188,1.905593198,0
1.294433162,1.527542675,1.211164376,2.189516628,1.381665049,1.528594905,2.52173232,1.593509791,2.139798566,2.68066598,2.992497318,2.114129032,2.63968618,2.108136588,1.928545087,2.177551225,2.61737998,2.039184591,1.294066905,7.37837636,0
1.334157082,1.967624005,1.359040998,0.882487487,1.271162843,1.622498711,5.499183274,2.586973432,2.318037249,2.046954022,2.750723959,2.080687992,2.477291184,2.224725485,4.37020478,2.365209499,2.58417664,4.11979285,1.815254915,1.628447563,0
1.381930807,1.910868938,1.650967466,1.958686097,1.696654039,1.118754755,2.701066137,9.149190385,2.857863885,2.723602756,2.920558823,2.235789609,3.320029647,2.399971874,6.123242667,1.969662103,2.906703132,2.258117219,1.735575128,2.162903319,0
1.608791022,1.710089563,6.978834964,2.032150302,1.330348959,1.014038883,2.713103855,1.418956267,2.740456791,2.442602598,2.649493449,1.945628069,2.525748428,2.203327516,3.631718878,2.00070579,2.798887433,2.451955387,1.419688149,1.543846518,0
1.276693754,8.373994938,5.833051863,7.993834712,1.395575281,2.085400507,9.242948483,1.32963096,2.436557273,2.460271132,2.71990244,2.528344151,2.342909749,1.978865432,3.167751418,2.437926932,2.367518418,6.639453597,1.498837571,1.595047242,0
1.459214859,1.596128239,1.14725837,1.215219159,1.282064659,1.180334651,1.956327379,1.549459029,2.021330937,2.168283578,2.692546628,2.746660274,2.698652719,2.133447859,4.632701326,4.324054562,3.246699717,1.92518478,2.050938365,7.835492156,0
1.437266577,1.60360998,1.366098057,2.382972095,1.391577735,1.170892459,1.781108298,1.488254571,2.012987001,2.247268453,2.584788958,2.235462294,2.585467314,2.163811386,2.606848023,1.649133271,2.120407428,2.367803741,1.116877821,1.551177044,0
1.326311372,1.652835866,1.174054604,2.011975876,1.290784141,1.264452509,3.169758148,1.648658699,2.445716759,2.571557416,2.889481155,2.388510654,2.594141122,2.303718519,7.896774788,2.494837885,2.797927871,1.933516247,1.871733888,1.707420494,0
1.251695094,3.623565754,1.399624975,8.273843362,1.411395101,1.50392229,5.220938876,1.73012771,1.963493672,1.892022572,2.419759173,2.498617431,2.314487769,2.020327166,5.679895463,2.38568693,2.346084682,5.579661785,1.555184696,1.631251581,0
1.147369761,1.922858007,1.333567257,1.385103969,1.250804205,0.987684262,6.028337203,1.270284274,1.824824367,2.296820855,4.170376193,2.788132451,2.612925628,1.943656875,4.221531829,3.023984437,3.048751949,1.82365136,1.534583463,4.118179657,0
1.360034287,1.743781512,1.392972579,1.628267377,1.404398996,1.068674791,8.322664678,1.539101707,1.890977401,2.033145956,2.570059582,2.069895342,2.754894402,2.051998607,5.025781359,1.763064049,3.481278959,1.994333604,1.610694697,1.457815216,0
1.037833049,1.522288959,1.245712379,1.304992488,1.360666093,1.308758336,2.474853613,1.997367028,2.182453705,2.496172133,2.865561638,1.850265469,2.215872751,1.873939193,4.365522674,2.184591896,2.501758449,2.069674505,1.17995593,1.677684725,0
1.371362861,1.577443272,1.470665716,1.345860395,1.065886151,1.294829797,4.88098955,1.848530526,2.059528492,2.028346901,2.767493682,2.407622483,2.220577332,1.75471866,5.476917399,2.996560676,2.764476001,1.911411489,1.406463872,1.855017898,1
1.17119041,1.802755103,1.419744294,1.022548196,1.414513449,1.282125136,6.750414183,4.021331057,2.206013365,2.284541118,2.357031249,2.071462955,1.935889725,2.013613236,8.227024853,2.504901148,7.141815103,1.806903322,8.21796366,1.496537852,1
1.104662941,1.863866196,1.267690162,1.451220683,1.286501052,1.218823123,3.728618624,1.868230646,2.076877959,2.42360153,2.572091468,1.932733646,2.145440761,2.002698773,6.231786043,2.48707987,2.776060946,2.060333146,1.192854461,1.714824365,1
1.088069779,1.921846787,1.623858232,1.428525194,1.316514247,1.339789432,8.25647127,1.824017096,2.354908993,2.204462222,3.501899778,2.444245508,2.392430793,2.396355209,4.275168272,4.292964509,3.105086174,2.372908058,1.427069829,5.374312428,1
1.127048857,1.458137005,1.856204238,1.296365766,1.235206313,1.07798634,2.486781204,2.395898616,1.873569695,2.050097003,2.86578617,2.361965777,2.767202098,2.278142921,4.591473045,2.831628153,3.040134529,2.192098975,1.140429113,4.244084863,1
1.162955632,1.538214329,1.290123004,1.148538958,1.329700178,1.425076687,4.615851917,1.925370388,2.091928734,2.218268939,2.742942026,2.947266369,2.355730006,1.987537553,4.484654481,2.305787657,3.247461902,2.049492707,1.604460342,1.642344368,1
1.120551534,1.618692331,1.346103511,1.723232651,1.306378348,1.043529304,2.991010648,1.626264221,2.108859476,2.438001413,3.066555224,2.000199093,2.21303727,1.922718626,6.189749971,3.245745821,3.003496879,1.995103227,1.694067033,2.340374179,1
0.82146292,5.968969173,1.603395406,9.430050335,1.396935951,1.286427801,2.195663478,3.993846398,2.183531126,2.238074066,3.76491719,2.51554177,2.529414099,1.971925897,4.20298469,2.934039203,2.988188953,2.394020441,1.565357262,1.644916165,1
0.948599219,1.807002734,1.336467024,1.189852165,1.196342597,1.25670688,2.230636109,1.559522775,2.50319255,2.185473902,2.597051647,3.13531094,2.430833979,1.878522896,3.177433928,2.384198473,2.290696104,1.934735443,1.558199654,1.650622397,1
1.121607605,1.791866585,1.428548102,1.219735529,1.33005459,1.184736123,3.083938263,1.452435874,2.105290594,2.379205103,2.635393681,1.774147798,4.427642692,1.902015906,7.161112228,2.339267417,2.837081423,1.667767186,1.376865534,1.795241673,1
1.041504402,2.168514009,1.647527037,1.190720323,1.120403394,1.215034899,3.514770113,1.42343059,2.091245459,2.242560308,3.063091779,3.14271268,2.245530288,2.273318299,3.565958119,3.097074542,2.491576634,1.980255377,1.481789898,7.934240884,1
1.240532792,1.443342428,1.090057814,8.294049589,1.325381884,1.224880246,2.501803729,5.505336465,2.073244633,2.297057989,2.15448483,2.38989771,2.333757263,1.966903695,3.582510379,2.048414337,2.268985962,5.43174072,1.258368766,1.736729462,1
0.92783115,1.367426462,1.198033228,1.12314001,1.557152667,1.516105742,6.679730685,1.479269657,2.200346041,2.010391633,3.200384802,1.988326891,2.292517588,2.094621401,3.349833833,2.462806743,2.224669153,1.847501207,1.417504975,1.475053619,1
1.210598199,1.544897548,1.384361977,1.2779204,1.385110823,1.40606524,2.443529648,1.625271886,2.050159721,2.165605264,2.185352529,2.913523632,2.278884911,2.230085765,8.500777273,2.276448606,4.391752017,2.009124985,2.592978937,1.568319979,1
1.220696864,1.499805196,1.133398794,1.013496401,1.222750227,1.169124415,2.545022455,8.589678347,2.21191972,2.239347408,3.565754179,1.854146416,2.418441236,2.259344136,3.693823616,2.163098326,2.219163252,1.954457634,1.333896611,1.644469138,1
0.949219082,1.75818426,1.32323312,2.150140922,1.384460123,1.556485462,2.692310566,2.560404329,1.950137915,2.075841991,2.738591431,1.840421897,2.161741218,2.242490459,5.964580172,2.259026454,2.868769144,2.830301214,1.511605101,1.638983394,1
1.175355553,2.82056922,4.230800372,2.212473936,1.156165785,1.106386214,2.925172428,1.595635781,1.981691926,2.334872597,2.921098405,2.151804926,5.511809133,2.073440083,6.955082917,2.77858275,6.132250799,1.729100262,4.656056171,1.615995979,1
1.057763632,1.53108425,1.235332966,1.273267114,1.81341116,1.18322599,2.352246258,4.192404152,2.377146961,2.295915945,3.333987403,2.954098306,2.197299743,2.200600438,3.693243146,3.217622848,1.986916284,1.652644437,1.561273979,6.372562855,1
1.499019069,1.457949406,1.285782461,8.479187338,1.293363314,1.210424141,7.747955654,1.584697534,2.358407077,2.37781521,3.578314469,2.212658824,2.29687879,2.163727188,3.015128371,2.140591748,2.647296651,1.847520288,1.460699655,1.861803925,1
1.248973969,1.428461093,1.235392615,1.112541171,1.154188265,1.049833643,4.000817652,1.659232879,2.06624621,2.199668757,2.234667135,2.428884271,3.623970297,1.873454247,8.229643943,1.749950521,2.247007953,1.620921549,1.388344877,1.645668018,1
1.050527997,1.88119859,1.534351452,1.298740531,1.278620356,1.425269053,1.862832378,1.382712089,2.27649996,2.070343421,4.374696221,3.08394058,2.378558068,2.236699827,5.217633293,2.590534623,2.504090999,1.793835331,1.793180073,2.358058404,1
0.925724458,1.709434375,1.250492138,1.183434741,1.34122404,1.002130328,1.623521608,1.42496128,2.197698214,2.050344799,2.571318856,3.002675196,2.645554043,2.273884304,6.23609035,1.641340979,2.827868457,1.761924652,1.39818563,2.583094165,1
1.319288245,1.863300058,2.100869344,2.923745675,1.545216081,1.081836697,2.484554689,1.440051565,2.134637782,2.003342544,3.237561555,3.545060607,2.291806055,2.333226262,5.497061707,2.484213687,4.029889802,1.912514587,2.305109323,1.326053465,1
1.051445861,1.728003559,1.216417129,1.255190994,1.220225008,1.244948803,2.516426863,1.586012033,2.214818111,2.13945922,4.648078837,1.931273886,2.58870856,2.029030012,4.151916969,3.719155274,3.762637447,1.889074882,1.901092137,1.639897736,1
1.05515549,1.613906099,1.227407547,1.327395777,1.258468064,1.02140036,2.400414353,2.471995986,1.958980054,1.94419026,2.454054268,2.112276279,2.123396896,1.934149297,3.745536245,1.719638404,2.403760625,2.155751351,1.290998375,1.763707082,1
1.002726876,1.580986581,1.130158829,1.199486757,1.269684738,0.976371975,2.27903692,2.025412265,2.264032314,2.334356211,2.913989215,5.192946369,2.943440097,2.186652222,5.382726251,3.385283261,2.426203211,1.733901608,1.729137241,8.765686483,1
1.261122008,1.519286727,1.179127598,1.154614866,1.31067723,1.318891648,2.237255978,1.728944337,1.943765845,1.963367819,2.983484778,2.06037143,2.385575688,2.065263054,5.793460446,2.503172539,3.984811697,1.633812906,2.13444113,1.632380153,1
1.353330893,1.568169024,1.448682592,1.205473885,1.420305914,1.123156372,2.180981767,1.854267101,1.994725327,2.255203897,3.576389298,2.702640707,2.288601428,2.021742047,4.476488921,2.867069461,2.090165218,2.034292994,1.340954894,5.321645536,1
1.28850529,2.100737171,1.341229683,2.536062004,1.28821069,1.100799688,4.043546505,1.843791633,2.116342373,2.121284942,2.759156614,2.68904598,2.326595157,1.796672461,6.094616959,2.175704966,3.312362441,1.755612377,1.260366555,2.204004239,1
1.029879473,1.849406945,1.427634937,1.359807345,1.374817485,1.358472078,3.943892865,1.581969107,2.700841796,2.295675261,2.94336855,3.073293731,2.280773364,2.526231512,3.038948381,4.411821087,2.032458226,1.850752514,1.548139765,7.697144339,1
1.166825942,1.794373368,1.354165823,1.080862381,1.205593757,1.693734695,2.614830612,1.43209129,2.045819033,2.059150386,2.874052841,2.1264102,2.370553851,2.123808438,4.285650618,2.142443507,2.118980191,1.83670957,0.909393142,1.673540874,1
1.115771742,1.709447816,1.403320593,7.635783232,1.245028755,1.336898923,2.972326865,8.148590954,2.057780644,2.239932365,2.884610595,2.009777193,2.134094143,1.701627233,3.124605381,2.028979375,2.033953703,2.869855279,1.405575267,1.617543303,1
1.222339058,1.533104643,1.228371353,5.005810625,1.335825481,1.359732339,7.164106019,1.658333548,2.234915517,2.158844906,4.211831193,2.016103997,2.195614083,2.408331482,7.161765877,1.987255604,2.385664716,2.177585264,1.219199837,1.582438898,1
0.985318072,1.499272856,1.204245753,3.068077802,1.500954419,1.14181676,5.774122249,1.559795873,2.085026715,2.2376892,2.765043335,2.408604356,2.489116575,1.814032076,7.684781055,2.425203962,3.30393969,1.701370142,1.892768754,1.449643956,1
1.344415947,1.573053928,1.549459131,1.287381531,1.412780817,1.389057703,2.979267099,1.584945973,2.258275997,2.196089965,3.630932316,1.596067044,2.234095473,2.155068959,2.124869613,2.431163501,2.488790019,2.077497692,1.54957588,1.740058309,1
1.057147497,1.642421602,1.518957414,1.334247762,1.493318945,1.378881507,2.453425385,1.758806831,2.305497443,2.235028649,2.214429829,2.230386147,2.300226689,2.231016508,2.069344521,2.051634194,2.077630809,2.238302747,1.089308095,1.493067163,1
1.388854394,1.740019747,1.346159723,1.11521231,1.174696723,1.12599532,2.348751114,1.442745312,2.154856664,2.19545875,3.662720329,3.801972327,2.492324398,2.021860329,3.212283953,5.047576291,2.516772142,2.32816746,1.699678575,7.556788336,1
1.001992292,1.794790204,1.624502226,1.171076184,1.492228596,1.166340142,6.484524502,1.533719187,2.399825085,2.259681694,3.215039136,2.734193691,2.274501805,2.279136871,2.289569994,4.384154908,2.551956448,1.943714516,1.339975942,8.182604641,1
1.642699411,1.573891266,1.211984541,1.463323979,1.292916579,1.282672299,2.399447868,2.08068178,2.347252229,2.173942434,3.10769334,1.893234706,2.605247892,1.751836997,6.402616451,1.929810497,3.307857988,2.154743946,1.809962857,1.742483404,1
1.244224402,1.815946657,1.437129365,0.960416911,1.632737811,1.175822838,5.162353058,1.84099326,2.235581375,2.10038525,2.725182547,2.128207207,2.47143693,1.981901365,2.507166036,2.298404906,2.32042209,1.961844934,1.42894481,1.752324697,1
1.109591937,1.637406141,1.230057692,3.809765298,1.374324134,1.275492377,7.534011662,1.380800869,1.945783688,2.457838407,3.048953522,3.008550787,2.320618147,1.919709011,6.655242967,2.396752628,3.092939523,1.736177516,2.174165341,1.993783588,1
1.265378304,1.60652132,1.592525716,4.627295661,1.216529558,0.934572207,3.405209631,1.245458041,2.286676418,2.024510324,3.057937731,2.621039108,2.306183917,1.898501118,2.853385505,2.011373914,1.949676815,1.611238202,1.126540767,1.644004935,1
1.203417898,1.641278917,1.759191143,1.321863901,1.007561177,1.440931,2.743759027,1.444008042,2.000848216,2.145632311,2.504845249,2.715181372,2.404365434,1.974719655,7.815005143,1.68942735,5.961796627,1.915834415,2.356044011,1.513578727,1
1.220696864,1.70810236,1.317865909,1.308870102,1.461402622,1.172964656,2.742280949,1.554663116,2.077955495,1.894334969,2.518355917,2.552040236,2.394099947,1.964409839,5.614072858,2.961375371,2.725290224,1.928557311,1.472875987,4.947376671,1
1.239167291,1.51195854,1.307156245,2.351826224,1.442761241,1.402153541,5.032747119,1.570673943,2.079174138,2.118738777,2.762291271,2.398348117,2.43295004,1.985581667,4.456770453,2.012321823,2.494397117,2.177965628,1.644365968,1.678364494,1
1.163237055,1.569453225,1.2447039,2.424561157,1.331499392,1.341411199,2.142207758,2.318984912,1.903413951,2.096317587,2.583141407,2.78836173,2.295423829,2.104455247,4.148285265,1.718594466,2.552691446,2.346044081,1.403360936,1.878150145,1
0.986035631,8.524061235,1.532036201,1.380870921,1.185465946,1.745154648,3.342393752,6.16410493,1.827079909,2.29199813,1.892180458,2.02097973,2.104920466,2.264924403,4.366532498,2.402929726,2.27923757,7.212820578,1.395525675,2.925545204,1
1.220696864,1.546327456,2.197014423,1.375770458,1.375535805,1.418438297,2.866866286,1.431247963,1.930414752,1.947734782,2.822004859,2.463554753,2.437409143,2.099575822,7.462647995,2.891061381,6.714036535,1.998431467,2.684237066,4.807809888,1
1.057577395,2.002018608,1.46714885,1.604804222,1.208199029,1.208474208,3.561149674,1.563410302,2.371687323,2.232621116,3.089100509,2.132124485,2.638377084,2.026685215,3.484141212,3.310555932,2.355334709,2.194146729,1.019343508,6.805533214,1
1.192249855,1.539761532,1.525312837,1.147008815,1.263869814,1.444217447,4.378828781,1.754370398,2.139906914,2.012242654,2.571113997,1.98525008,2.156391937,2.21044096,3.542915742,2.020536793,2.240447485,1.870997555,1.326118593,2.683740434,1
1.413073566,1.751377886,1.404118018,2.014688668,1.295781248,1.030063273,3.273752555,2.479614382,2.145356454,2.315263546,2.821602243,3.658958929,2.849242925,2.191300115,4.784516304,2.817179528,2.114147661,1.893317884,1.395785867,1.442568062,1
1.243370978,1.566728784,1.524068305,1.110661136,1.338611364,1.34044015,2.689961866,1.663742945,2.299794568,2.081533087,2.541823066,2.127346285,2.333858982,2.229765328,2.803025539,2.230144396,2.390478956,2.001798481,1.382519488,1.353882954,1
1.253220837,1.637773534,1.302155866,0.90981433,1.257062963,1.219960419,3.180442476,1.686575269,2.246580852,2.477168634,3.947320061,2.249071998,2.331614213,2.155888125,8.338350382,3.624038901,4.234248359,2.067809565,2.948376615,3.562278656,1
1.596334386,2.009136477,1.773367988,1.424655834,1.189128768,1.398312473,2.910762001,2.606007177,2.629448278,2.454528405,2.622516492,2.89253067,2.216603944,1.969379841,8.020897951,2.06732551,5.379992034,2.136141165,4.00837827,1.736240852,1
1.141595651,4.166944609,1.465254907,1.090554439,1.300206207,1.213011377,3.102309021,1.477776771,2.233340245,2.546241189,2.386753086,2.410014599,2.341480819,2.181192473,4.400462898,2.977575874,1.849121944,2.055639199,1.557843931,1.746664936,1
1.01062662,1.771974369,1.42053894,1.293706465,1.430331144,1.313778154,3.121824446,1.555224304,2.162962815,2.246860303,2.921165864,3.082389678,2.323051762,2.004241505,2.153980327,3.436422744,3.028752344,2.091409772,1.484548858,5.899643304,1
1.122293233,1.641725956,1.445289638,8.810943679,1.386974368,1.364156167,4.615166835,1.425645105,2.199760171,2.532083028,2.963026781,2.355053841,2.484064619,2.039680431,3.729385244,2.118178152,3.174717892,3.775874024,1.629270183,1.572871878,1
1.116271636,1.654048698,1.805738856,1.30400178,1.415515572,1.471552604,2.510034522,1.475540365,2.126640609,2.034664373,3.266914907,3.273036424,2.150099247,2.138697981,3.471092497,2.460013371,2.351426667,2.178737392,1.475595488,1.980249882,1
1.154971059,1.729894262,1.264468637,8.24691184,1.526696917,1.046936209,3.72677797,1.573811104,2.447648266,2.160094976,3.440473579,1.915403443,2.256383238,2.201228529,2.120088924,1.845801783,1.641037536,6.630163958,1.402455222,1.350797465,1
1.494070096,1.841880087,1.536531898,0.935652055,1.118107089,1.623895767,3.011747776,1.367672937,2.397321382,2.081551798,3.353278733,2.009389154,1.999113592,2.23172524,7.438889129,4.149983202,5.121071428,2.314947405,2.346968298,2.318766966,1
1.070456317,1.631681593,0.994247121,1.477478326,1.150036337,1.188159226,4.249250568,1.553621202,2.320825579,1.996375999,3.01446266,3.070873491,3.101850273,1.924587601,1.992179181,2.318353828,2.606087991,1.985252781,1.296014089,8.783844659,1
1.110720394,1.670355278,1.199697845,1.117476928,1.309625636,1.309063938,2.256575244,1.539880103,2.168166477,2.399042873,4.055107856,3.526648283,2.295513841,2.200156198,4.821765094,3.387700264,2.505520658,2.069180075,1.162264547,4.464719536,1
1.170806853,1.803108615,1.214562214,1.327563635,1.28450477,1.033765386,2.638919303,1.367775874,2.256830689,2.135259657,2.441163823,3.135956675,2.178748821,2.23845331,6.477070408,2.368805855,2.515998814,1.93986218,1.240273893,1.529201083,1
0.977462367,1.738608507,1.234381512,1.187123954,1.273973885,0.846322954,2.176987484,1.750619356,1.785007082,2.071536326,2.24031523,3.101604425,2.165134723,1.910655602,7.215403598,1.858095599,2.962775365,1.932710701,2.472569617,5.040009412,1
1.373306955,1.742553088,2.007537798,1.220669003,1.481108782,1.262624731,1.737771484,1.644427498,2.199760171,2.55157954,4.575340857,2.255709755,2.115442472,2.261906782,7.758106354,2.308172015,3.381823866,1.922709344,2.750389678,3.820956715,1
1.215906321,1.812561111,1.529759947,1.291191915,1.209524031,1.422584344,3.808061652,1.518975215,2.651683702,2.074266939,3.581068451,2.439851202,2.214254715,1.914443014,4.408602076,2.895601979,2.632802375,2.112140931,1.317798455,3.892899416,1
1.258178755,1.626834425,1.33755054,1.084614626,1.515685329,1.49351361,7.773995038,1.450050474,2.349715448,2.430115991,3.097821226,2.570835659,2.399888865,2.036039739,2.782741678,2.000092391,2.440201123,2.031423507,1.403527727,1.59018496,1
1.582054249,1.794383656,1.348909521,6.271039029,1.532342376,1.376388899,2.245021952,1.876667585,2.459670854,2.260690349,2.919528965,2.092917509,2.028048025,2.154989785,6.741981093,2.388650657,3.49334398,2.090676694,1.927745556,2.267724129,1
1.306212251,2.02221181,1.449958821,0.934877323,1.40379905,1.664494176,4.687730176,1.948566361,2.199760171,2.238299405,3.175421064,2.049043114,2.341908216,2.007097232,7.86170827,2.545999865,3.439868768,1.907918195,2.350634612,1.59959767,1
1.153641333,1.743004657,1.491542921,3.100992652,1.267803821,1.286842411,3.138572463,3.304512006,1.969990542,2.461574139,3.027561002,1.532860217,2.214798723,2.232010993,6.208884975,2.041445081,3.314547936,1.761945384,1.61813113,1.416137696,1
1.009018928,1.78354079,1.34967733,8.402559247,1.369720681,1.452802321,2.851195161,1.4942455,2.199760171,2.323929537,2.402371839,2.03108073,2.363220606,2.387282437,5.704202266,2.39939056,2.415360592,3.105099627,1.445144618,1.787812919,1
1.524939154,1.737927766,1.347098054,2.681617151,1.335651725,1.120444061,2.916253012,1.907144731,2.278263793,2.206084781,2.575727519,2.572053563,2.429896882,1.919707927,5.597171295,2.25280933,2.320204428,2.051884469,1.410185501,3.077598562,1
1.209029392,1.695991911,1.479034404,8.55181441,1.315283637,1.389027453,3.809885111,1.423086079,2.116382912,1.832414136,2.163720722,1.875449939,2.152244285,1.790198578,2.135465348,1.988869335,2.295266952,2.23145642,1.359455284,1.475998502,1
1.111812466,1.644323177,1.349937232,1.361541943,1.42350472,1.110966893,4.826061225,1.367313802,2.374348723,2.04206831,2.89221672,2.287805816,2.394099947,2.473745586,8.04797557,2.793064699,5.872400166,1.820485753,2.528798416,1.333095129,1
1.435303049,1.746178051,1.235205712,10.30142307,1.190367673,1.186616672,7.745051238,2.316219815,2.382040082,2.049379665,2.396761589,2.048515461,2.596959263,2.269436274,6.730165153,2.397218966,2.659211024,2.369747368,1.375661685,1.891691338,1
1.420739259,1.838464175,1.301385091,1.360084585,1.12763319,1.236711541,2.868568416,1.574637768,2.22202928,2.038685227,2.340122194,3.413793648,2.039388985,2.130833218,6.055298966,2.039175711,3.316469633,1.599670424,1.542230073,2.006507776,1
1.334865001,1.948626979,1.58203523,1.308133137,1.337877026,1.265052214,2.872706964,1.685544548,2.327162538,2.338014149,4.629008638,3.148274865,2.606851148,2.741025563,4.721529134,3.325953533,2.545457374,1.938047483,1.563215807,8.463722097,1
1.037811232,1.74900541,1.515973152,1.286659973,1.286508782,0.815328214,3.047142526,1.609130122,2.364249808,2.488706016,3.555327937,2.621765193,2.603934232,2.123046994,4.207572143,2.146138113,1.984370515,1.814238792,1.488138979,9.0155533,1
1.115304087,1.646616202,1.36180847,1.202910201,1.189620332,1.173647619,2.679534839,2.579839971,2.391348394,2.202116937,2.832544058,1.818271436,2.641310657,2.174775055,7.626141615,2.161489703,5.544556813,2.355186584,1.507630005,1.971873554,1
1.215418998,1.792508594,1.770819764,5.807632436,1.218725452,1.615071409,2.773910415,4.181780248,2.293868455,2.370376453,1.987485978,1.994742843,2.480224807,2.065217261,3.197255886,1.822893436,2.334289365,7.5451466,1.466734856,1.453277214,1
1.16563422,1.669885094,1.300466935,1.277804581,1.35299757,1.052296566,3.097269018,1.302803055,2.020954503,1.868862004,2.36408617,1.899200346,2.226230201,2.108136588,9.149903282,2.668415745,6.291272527,2.035848973,9.400940797,1.844890969,1
0.796368977,1.579362682,1.800710995,1.465996735,1.663867518,1.411774804,5.374237059,1.964202996,2.724279272,2.478904468,3.334003235,1.617592972,2.432781727,2.085488271,3.199893012,2.530886381,2.121628762,1.75100939,1.515440664,1.497628744,1
1.185561882,1.624065476,1.569565297,1.170508437,1.323136608,1.274832332,2.95468379,1.825750176,2.488817223,2.325880678,3.045942514,3.248039852,2.678443117,2.289773929,4.585570652,4.395352607,2.945247655,1.923992275,1.361198208,7.932613871,1
10.50440637,1.492806254,1.358453531,1.45433369,1.648110166,1.293553581,2.091110993,5.65910837,2.306320707,2.025031699,3.892901716,2.369469767,3.743307174,1.908081872,5.562205352,3.010246473,2.929206933,2.007928279,1.501209201,3.533267311,1
1.267464829,1.830213393,1.576005553,5.907911406,1.400694145,1.767758587,5.324674437,1.712793605,2.176036137,2.384725492,2.60026839,1.788608404,2.267144148,2.088440255,3.485818851,2.134396801,2.349572567,3.976737893,1.47506762,4.291958992,1
1.220696864,1.918912579,1.197833651,1.164799413,1.272032402,1.164404863,4.201155339,1.354847263,2.218137172,2.387426167,2.602792377,2.437701546,1.860013795,2.03216912,7.05767286,2.203324999,2.465147966,2.140526221,1.929195485,1.711107486,1
1.280673325,1.85583542,1.42720358,1.373502984,1.267322137,1.278302429,3.362530675,1.729795544,2.355021043,2.22390653,4.228870682,1.841278224,2.451994056,2.207550686,2.822695275,2.373054752,2.330222491,1.953100537,1.623738666,5.774284317,1
1.185607519,7.215661358,1.62368681,5.610783482,1.130192378,1.06019086,5.752860395,2.026562536,2.576435224,2.464331634,2.330921989,2.908715985,2.59276322,2.032914892,7.428659706,2.175845945,2.625849037,8.142022845,1.248050522,1.369447591,1
1.292177374,1.747679755,1.629518298,2.009751616,1.352908877,1.389685288,4.387442528,1.9202228,2.329232134,2.18109872,3.518553208,2.614346197,2.053762868,1.812204297,5.566518683,2.982726383,3.160557853,1.935045505,2.014523219,4.775159946,1
1.247928669,1.656004733,1.606591759,3.575019611,1.402868508,1.297499238,4.895306022,1.681350077,2.289944086,2.319748898,2.632325726,1.88618096,2.464804587,2.203017599,4.98779974,1.924149819,2.10067827,1.975351017,1.162362155,1.71064785,1
1.28164214,5.672650709,1.800194704,8.513962233,1.427296632,1.179264538,3.13928658,1.862097898,2.433137896,2.098424525,2.709789567,3.005244368,2.121672651,1.951036543,3.448469375,2.766856112,2.652513118,2.336422004,1.641542618,1.49705826,1
1.203294933,1.470613662,1.393729091,1.17177333,1.421842222,1.388171592,4.054800122,1.98391405,2.487790685,2.463515843,3.397312904,1.659286435,2.203638999,2.204536376,4.815799285,2.562149139,3.414843379,2.10720015,1.29342091,5.539608704,1
1.106666765,5.432706326,3.161774565,1.140811664,1.363988299,1.471745628,4.132348523,1.529975344,2.052952327,2.241374709,2.01282164,3.088501983,2.223525043,1.973093575,2.520585316,2.782879165,1.803080685,8.027721343,1.280067856,1.570299161,1
1.218782864,1.533472624,1.133787086,7.898453789,1.273079236,1.275492377,4.740391115,4.457431974,2.082155836,2.705307344,2.4115287,1.82522962,2.179225193,1.908006816,3.192949066,2.143246713,2.45315542,2.09426241,1.355656598,1.932659131,1
1.339467104,1.525265674,1.11196702,8.32898243,1.449052997,1.264655474,4.531920726,1.747075124,2.3065635,2.1232601,2.47306394,2.127537219,2.501081377,2.146418861,3.81835011,1.867224287,2.220658937,2.246050331,1.398339991,1.530942972,1
1.533652464,1.359050254,1.57205168,2.538441212,1.083161499,1.481075506,2.416070208,2.142012336,2.365801969,2.015924254,2.558856829,2.317010436,2.143694935,2.129456974,4.364045998,2.018783381,2.336631174,2.675684892,1.20840597,1.595304721,1
0.975830477,1.828570504,1.715068454,1.822178332,1.289089289,1.349472239,2.825354665,1.547122454,2.004135585,2.066350463,2.402557486,2.036465176,2.492296407,2.035120636,8.331532112,2.135385294,5.033841715,2.010507841,1.963105251,1.822264639,1
1.242380182,1.980604554,1.28985179,1.261469357,1.360011373,1.448087262,4.015109511,1.747255695,2.168679395,2.251220122,2.610461809,2.24160615,2.499065667,2.084976476,4.870000715,1.87170371,3.163139041,1.818585167,1.412325474,2.253529366,1
1.463510158,1.749122569,1.530680467,1.374950549,1.300757103,1.23502929,2.963636067,1.325695776,2.548648624,2.607685333,5.238737748,2.927784907,2.551545072,2.092570158,3.928089645,3.436961795,3.106851877,1.91036669,1.377047158,1.659834617,1
1.285944114,1.508551526,1.614531914,0.852949131,1.318079931,1.158454173,2.33999831,1.487873134,2.154723653,1.800227737,2.96446869,2.767459884,2.6656332,2.043825299,6.612698813,2.424453642,3.14262103,2.234045805,2.362502905,1.546131783,1
1.09486805,2.014095929,1.437453972,5.437592514,1.524444061,1.444503137,3.676116751,1.521707307,2.514769456,2.293179316,3.615534452,2.637051422,2.325153515,2.300520701,4.174816843,2.106862933,2.861163166,1.834706878,1.554135852,1.304798601,1
1.236736555,1.932087604,1.316139014,1.160139688,1.498892385,1.009828869,2.492414434,1.37481551,2.368777791,2.179783991,2.502271813,1.860490954,2.387410946,2.270520557,8.111647053,1.765792715,3.867179196,1.860439083,3.469406407,1.871763363,1
1.290192385,1.69441689,1.337533292,5.565298134,1.245743142,1.251234653,4.798055283,2.364900165,2.002727177,2.110118077,2.48002749,1.918421002,2.240209523,2.020258567,3.733077693,2.095165111,2.212451044,3.521220902,1.328158277,1.521457055,1
1.601349506,1.698471949,1.598170705,1.245399061,1.415169427,1.382793969,3.729168422,4.20261816,2.40025348,2.022177413,2.964587483,1.801116589,2.694039064,2.20843621,6.276700077,2.219078945,3.991193778,1.842368344,1.505182949,2.017503737,1
1.327213692,1.559829219,1.34362622,1.529445803,1.151768224,1.248103776,1.890960793,1.773365714,2.053012002,1.847279429,2.461525961,2.466825239,4.052185416,2.170368793,6.632287146,2.351492586,3.093135346,3.025639242,1.719323896,2.066780642,1
1.120748383,1.783439335,1.170904819,1.10737676,1.574393834,1.481850757,2.278727841,1.553205602,2.062550308,2.307138285,4.901845859,2.073164075,2.468897636,2.121207753,3.698297755,2.209852337,2.131787883,2.033296766,1.469031974,1.353645789,1
1.218448775,2.191117699,1.228537684,3.14877954,1.494210566,1.322362366,3.253437869,1.727631595,2.587274055,2.146382011,4.02208465,2.460152686,2.327318488,2.164718873,5.57984934,2.232203761,3.565578743,2.14048329,4.159424538,2.070294931,1
1.255172896,1.745229708,1.16221815,1.3445507,1.268966719,1.278812946,4.174379658,1.551914141,1.74890234,2.292478417,2.7827015,2.787233749,2.388305612,2.039868374,5.113961477,2.511621286,3.179148057,1.521838459,1.700374046,4.621351954,1
1.014673808,1.874364275,1.509922247,2.633498731,1.312902218,1.429181175,8.636820116,1.852714767,2.23203358,2.05442082,3.142865845,1.852452924,2.24699277,2.263839927,2.990099206,1.910347702,2.747130569,1.790991359,0.993341311,1.961339517,1
1.541748429,2.156727573,1.418713379,1.567936216,1.584479916,1.112512072,1.886978045,1.474034454,2.496853385,2.514744137,3.58508624,1.80848822,2.534395829,2.414235301,1.954638557,3.337305942,3.214567421,2.114704894,1.589609802,1.668211929,1
1.37176063,1.707602578,1.549204674,1.884175311,1.318040272,1.179545691,7.351824187,1.60246087,2.193567126,2.218166596,4.796335613,2.543777251,2.490780286,2.206472712,6.442645725,2.637152815,3.630187122,2.176717356,2.268551405,3.104422498,1
1.413515469,1.836813486,1.396801416,1.094219036,1.271393857,1.44044963,2.727548097,1.443523416,2.225643835,2.319583989,3.862218055,2.426347473,2.52114795,2.220339659,6.987180273,3.231354346,4.082790961,2.144131626,3.50940906,7.949514378,1
1.344306418,1.536244096,1.417053765,1.298814987,1.180100487,1.207602455,2.433888049,2.11925692,2.092480019,2.490168735,2.711445733,1.912969079,2.480733438,1.999793447,5.523191065,2.252824084,2.468238645,1.975246342,1.188310357,1.71521879,1
1.218075983,1.529204353,1.406925902,1.324829567,1.372381949,1.337006984,2.328153685,1.663551683,2.265797177,2.046113299,2.259070684,2.174696262,2.616721678,2.243276563,2.337797259,1.994294582,2.454739682,1.87302028,1.458297366,1.631422755,1
1.241555544,2.771616166,1.390674229,5.409499077,1.285901363,1.455941327,2.163458551,1.465479842,2.283277816,2.1715741,2.367813337,2.112762435,2.347682333,2.035809424,3.040045693,2.08857079,2.24782198,1.902517981,1.447431771,1.370932217,1
1.168362056,1.630881897,1.460081825,1.339595437,1.371244215,1.313420646,2.403520423,1.721206969,1.920316097,2.129421297,2.557900425,1.824593334,2.535978755,2.123372372,5.537838514,2.406840266,2.921608532,1.997849021,1.27578875,1.615705128,1
1.322810638,1.602238944,1.358289547,1.240850965,1.119732262,1.010125878,2.30663906,1.869951467,2.177663888,2.619479604,3.623990327,2.881098347,2.100245136,1.971599037,3.820083908,3.366634256,2.282950039,2.038529985,1.305122521,2.624755446,1
